{"cameraMode":{"drawMode":0,"name":"Shaded","section":"Shading Mode"},"sceneLighting":false,"audioPlay":false,"sceneViewState":{"showFog":true,"showMaterialUpdate":false,"showSkybox":false,"showFlares":true,"showImageEffects":true,"showParticleSystems":true},"in2DMode":false,"pivot":{"x":0.8600000143051148,"y":0.6600000262260437,"z":0.6700000166893005},"rotation":{"x":-0.04209313169121742,"y":0.5705541968345642,"z":-0.029300635680556299,"w":-0.8196569681167603},"size":8.893059730529786,"orthographic":false}