{"cameraMode":{"drawMode":0,"name":"Shaded","section":"Shading Mode"},"sceneLighting":false,"audioPlay":false,"sceneViewState":{"showFog":true,"showMaterialUpdate":false,"showSkybox":false,"showFlares":true,"showImageEffects":true,"showParticleSystems":true},"in2DMode":false,"pivot":{"x":0.6100000143051148,"y":2.0199999809265138,"z":0.42000001668930056},"rotation":{"x":-0.09576383233070374,"y":-0.09035724401473999,"z":0.00872914306819439,"w":-0.9912561178207398},"size":7.733458995819092,"orthographic":false}